,n,p,method,gi_c_gate_num,ro_c_gate_num,gi_opt3_c_gate_num,gi_c_fidelity,ro_c_fidelity,gi_opt3_c_fidelity
0,3,1,order,170,280,99,0.41538370234905153,0.24343255373859685,0.5307262737243889
1,3,1,random,251,307,114,0.34494129435839893,0.2872375213460008,0.4487824050503092
2,3,1,EFC_opt,179,244,105,0.4557883630985098,0.29017204291085413,0.5307508246924033
