,n,p,method,gi_c_gate_num,ro_c_gate_num,gi_opt3_c_gate_num,gi_c_fidelity,ro_c_fidelity,gi_opt3_c_fidelity
0,6,1,order,1148,26822,663,0.024500000000000237,0.022392304845413442,0.040435595774162926
1,6,1,random,1094,31268,732,0.01541619848709575,0.020219544457293077,0.04261077027627503
2,6,1,EFC_opt,1028,27830,627,0.02159950493836219,0.023988088481701746,0.05279919353527471
