,n,p,method,gi_c_gate_num,ro_c_gate_num,gi_opt3_c_gate_num,gi_c_fidelity,ro_c_fidelity,gi_opt3_c_fidelity
0,4,1,order,423,1245,233,0.14524605252222744,0.08076225293941813,0.31323695772038185
1,4,1,random,396,1737,278,0.11227225575051665,0.08040572873934311,0.2240315270542562
2,4,1,EFC_opt,372,1545,215,0.1455192281837549,0.11122150407425313,0.2578121194587634
