,n,p,method,gi_c_gate_num,ro_c_gate_num,gi_opt3_c_gate_num,gi_c_fidelity,ro_c_fidelity,gi_opt3_c_fidelity
0,2,1,order,28,25,25,0.9109997255762071,0.8925291470296532,0.9006977343345921
1,2,1,random,61,43,40,0.8993595442404668,0.9144463863518345,0.7578931247726725
2,2,1,EFC_opt,25,25,25,0.8786514545119941,0.8645831322005066,0.874649859887888
