,n,p,,gi_c_gate_num,ro_c_gate_num,gi_opt3_c_gate_num,gi_c_fidelity,ro_c_fidelity,gi_opt3_c_fidelity
0,3,3,order,627,876,303,0.382822338,0.341097863,0.436040747
1,3,3,random,606,906,306,0.397136983,0.344948516,0.433898547
2,3,3,EFC_opt,543,909,345,0.454049311,0.353320324,0.477099052
