,n,p,method,gi_c_gate_num,ro_c_gate_num,gi_opt3_c_gate_num,gi_c_fidelity,ro_c_fidelity,gi_opt3_c_fidelity
0,5,1,order,844,6330,382,0.06678719262150987,0.03373154621172771,0.11636826883245177
1,5,1,random,808,7665,418,0.07702396473549937,0.051994897427831796,0.1206856030044848
2,5,1,EFC_opt,703,6462,364,0.06994112549695415,0.034970562748477145,0.16638367176906171
