,n,p,,gi_c_gate_num,ro_c_gate_num,gi_opt3_c_gate_num,gi_c_fidelity,ro_c_fidelity,gi_opt3_c_fidelity
0,3,2,order,433,566,201,0.438341346,0.441552781,0.477842105
1,3,2,random,424,701,243,0.443062398,0.427388657,0.488190594
2,3,2,EFC_opt,361,569,225,0.474946735,0.432382974,0.500656441
