,n,p,,gi_c_gate_num,ro_c_gate_num,gi_opt3_c_gate_num,gi_c_fidelity,ro_c_fidelity,gi_opt3_c_fidelity
0,3,1,order,170,268,99,0.441152148,0.246962361,0.49642009
1,3,1,random,197,322,147,0.362243694,0.25819935,0.488772613
2,3,1,EFC_opt,179,244,105,0.479821775,0.255689423,0.527683365
